Acadia NP,Acadia
Arches NP,Arches
Badlands NP,Badlands
Big Bend NP,Big Bend
Biscayne NP,Biscayne
Black Canyon of the Gunnison NP,Black Canyon
Bryce Canyon NP,Bryce Canyon
Canyonlands NP,Canyonlands
Capitol Reef NP,Capitol Reef
Carlsbad Caverns NP,Carlsbad Caverns
Channel Islands NP,Channel Islands
Congaree NP,Congaree
Crater Lake NP,Crater Lake
Cuyahoga Valley NP,Cuyahoga Valley
Death Valley NP,Death Valley
Denali NP & PRES,Denali
Dry Tortugas NP,Dry Tortugas
Everglades NP,Everglades
Gates of the Arctic NP & PRES,Gates of the Arctic
Gateway Arch NP,Gateway Arch
Glacier Bay NP & PRES,Glacier Bay
Glacier NP,Glacier
Grand Canyon NP,Grand Canyon
Grand Teton NP,Grand Teton
Great Basin NP,Great Basin
Great Sand Dunes NP & PRES,Great Sand Dunes
Great Smoky Mountains NP,Great Smoky
Guadalupe Mountains NP,Guadalupe
Haleakala NP,Haleakala
Hawaii Volcanoes NP,Hawaii Volcanoes
Hot Springs NP,Hot Springs
Indiana Dunes NP,Indiana Dunes
Isle Royale NP,Isle Royale
Joshua Tree NP,Joshua Tree
Katmai NP & PRES,Katmai
Kenai Fjords NP,Kenai Fjords
Kings Canyon NP,Kings Canyon
Kobuk Valley NP,Kobuk Valley
Lake Clark NP & PRES,Lake Clark
Lassen Volcanic NP,Lassen Volcanic
Mammoth Cave NP,Mammoth Cave
Mesa Verde NP,Mesa Verde
Mount Rainier NP,Rainier
National Park of American Samoa,American Samoa
New River Gorge NP & PRES,New River Gorge
North Cascades NP,North Cascades
Olympic NP,Olympic
Petrified Forest NP,Petrified Forest
Pinnacles NP,Pinnacles
Redwood NP,Redwood
Rocky Mountain NP,Rocky
Saguaro NP,Saguaro
Sequoia NP,Sequoia
Shenandoah NP,Shenandoah
Theodore Roosevelt NP,T Roosevelt
Virgin Islands NP,Virgin Islands
Voyageurs NP,Voyageurs
White Sands NP,White Sands
Wind Cave NP,Wind Cave
Wrangell-St. Elias NP & PRES,Wrangell
Yellowstone NP,Yellowstone
Yosemite NP,Yosemite
Zion NP,Zion
